<?xml version="1.0" encoding="utf-8" ?>
<dwsync>
<file name="bootstrap.js" server="C:/xampp/htdocs/ci/" local="130434378660000000" remote="130434378660000000" />
<file name="bootstrap.min.js" server="C:/xampp/htdocs/ci/" local="130434378660000000" remote="130434378660000000" />
<file name="jquery.js" server="C:/xampp/htdocs/ci/" local="130316760690000000" remote="130316760690000000" />
<file name="bootstrap.js" server="C:/xampp/htdocs/" local="130434378660000000" remote="130434378660000000" />
<file name="bootstrap.min.js" server="C:/xampp/htdocs/" local="130482278520000000" remote="130482278520000000" />
<file name="jquery.js" server="C:/xampp/htdocs/" local="130316760690000000" remote="130316760690000000" />
<file name="datepicker.js" server="C:/xampp/htdocs/" local="130580371195320851" remote="130580371190000000" />
<file name="jquery.form-validator.min.js" server="C:/xampp/htdocs/" local="130560107140000000" remote="130560107140000000" />
<file name="datetimepicker.pt-BR.js" server="C:/xampp/htdocs/" local="130578638515279641" remote="130578638510000000" />
</dwsync>