<?xml version="1.0" encoding="utf-8" ?>
<dwsync>
<file name="Calendar.php" server="C:/xampp/htdocs/ci/" local="130464207880000000" remote="130464207880000000" />
<file name="Cart.php" server="C:/xampp/htdocs/ci/" local="130464207880000000" remote="130464207880000000" />
<file name="Driver.php" server="C:/xampp/htdocs/ci/" local="130464207880000000" remote="130464207880000000" />
<file name="Email.php" server="C:/xampp/htdocs/ci/" local="130464207880000000" remote="130464207880000000" />
<file name="Encrypt.php" server="C:/xampp/htdocs/ci/" local="130464207880000000" remote="130464207880000000" />
<file name="Form_validation.php" server="C:/xampp/htdocs/ci/" local="130464207880000000" remote="130464207880000000" />
<file name="Ftp.php" server="C:/xampp/htdocs/ci/" local="130464207880000000" remote="130464207880000000" />
<file name="Image_lib.php" server="C:/xampp/htdocs/ci/" local="130464207880000000" remote="130464207880000000" />
<file name="index.html" server="C:/xampp/htdocs/ci/" local="129664021580000000" remote="129664021580000000" />
<file name="Javascript.php" server="C:/xampp/htdocs/ci/" local="130464207880000000" remote="130464207880000000" />
<file name="Log.php" server="C:/xampp/htdocs/ci/" local="130464207880000000" remote="130464207880000000" />
<file name="Migration.php" server="C:/xampp/htdocs/ci/" local="130464207880000000" remote="130464207880000000" />
<file name="Pagination.php" server="C:/xampp/htdocs/ci/" local="130464207880000000" remote="130464207880000000" />
<file name="Parser.php" server="C:/xampp/htdocs/ci/" local="130464207880000000" remote="130464207880000000" />
<file name="Profiler.php" server="C:/xampp/htdocs/ci/" local="130464207880000000" remote="130464207880000000" />
<file name="Session.php" server="C:/xampp/htdocs/ci/" local="130464987500000000" remote="130464987500000000" />
<file name="Sha1.php" server="C:/xampp/htdocs/ci/" local="130464207880000000" remote="130464207880000000" />
<file name="Table.php" server="C:/xampp/htdocs/ci/" local="130464207880000000" remote="130464207880000000" />
<file name="Trackback.php" server="C:/xampp/htdocs/ci/" local="130464207880000000" remote="130464207880000000" />
<file name="Typography.php" server="C:/xampp/htdocs/ci/" local="130464207880000000" remote="130464207880000000" />
<file name="Unit_test.php" server="C:/xampp/htdocs/ci/" local="130464207880000000" remote="130464207880000000" />
<file name="Upload.php" server="C:/xampp/htdocs/ci/" local="130464207880000000" remote="130464207880000000" />
<file name="User_agent.php" server="C:/xampp/htdocs/ci/" local="130464207880000000" remote="130464207880000000" />
<file name="Xmlrpc.php" server="C:/xampp/htdocs/ci/" local="130464207880000000" remote="130464207880000000" />
<file name="Xmlrpcs.php" server="C:/xampp/htdocs/ci/" local="130464207880000000" remote="130464207880000000" />
<file name="Zip.php" server="C:/xampp/htdocs/ci/" local="130464207880000000" remote="130464207880000000" />
<file name="Calendar.php" server="C:/xampp/htdocs/" local="130464207880000000" remote="130464207880000000" />
<file name="Cart.php" server="C:/xampp/htdocs/" local="130464207880000000" remote="130464207880000000" />
<file name="Driver.php" server="C:/xampp/htdocs/" local="130464207880000000" remote="130464207880000000" />
<file name="Email.php" server="C:/xampp/htdocs/" local="130464207880000000" remote="130464207880000000" />
<file name="Encrypt.php" server="C:/xampp/htdocs/" local="130464207880000000" remote="130464207880000000" />
<file name="Form_validation.php" server="C:/xampp/htdocs/" local="130464207880000000" remote="130464207880000000" />
<file name="Ftp.php" server="C:/xampp/htdocs/" local="130464207880000000" remote="130464207880000000" />
<file name="Image_lib.php" server="C:/xampp/htdocs/" local="130464207880000000" remote="130464207880000000" />
<file name="index.html" server="C:/xampp/htdocs/" local="129664021580000000" remote="129664021580000000" />
<file name="Javascript.php" server="C:/xampp/htdocs/" local="130464207880000000" remote="130464207880000000" />
<file name="Log.php" server="C:/xampp/htdocs/" local="130464207880000000" remote="130464207880000000" />
<file name="Migration.php" server="C:/xampp/htdocs/" local="130464207880000000" remote="130464207880000000" />
<file name="Pagination.php" server="C:/xampp/htdocs/" local="130464207880000000" remote="130464207880000000" />
<file name="Parser.php" server="C:/xampp/htdocs/" local="130464207880000000" remote="130464207880000000" />
<file name="Profiler.php" server="C:/xampp/htdocs/" local="130464207880000000" remote="130464207880000000" />
<file name="Session.php" server="C:/xampp/htdocs/" local="130464987500000000" remote="130464987500000000" />
<file name="Sha1.php" server="C:/xampp/htdocs/" local="130464207880000000" remote="130464207880000000" />
<file name="Table.php" server="C:/xampp/htdocs/" local="130464207880000000" remote="130464207880000000" />
<file name="Trackback.php" server="C:/xampp/htdocs/" local="130464207880000000" remote="130464207880000000" />
<file name="Typography.php" server="C:/xampp/htdocs/" local="130464207880000000" remote="130464207880000000" />
<file name="Unit_test.php" server="C:/xampp/htdocs/" local="130464207880000000" remote="130464207880000000" />
<file name="Upload.php" server="C:/xampp/htdocs/" local="130464207880000000" remote="130464207880000000" />
<file name="User_agent.php" server="C:/xampp/htdocs/" local="130464207880000000" remote="130464207880000000" />
<file name="Xmlrpc.php" server="C:/xampp/htdocs/" local="130464207880000000" remote="130464207880000000" />
<file name="Xmlrpcs.php" server="C:/xampp/htdocs/" local="130464207880000000" remote="130464207880000000" />
<file name="Zip.php" server="C:/xampp/htdocs/" local="130464207880000000" remote="130464207880000000" />
</dwsync>