<?xml version="1.0" encoding="utf-8" ?>
<dwsync>
<file name="home.php" server="C:/xampp/htdocs/ci/" local="130565838932192037" remote="130565838930000000" />
<file name="login.php" server="C:/xampp/htdocs/ci/" local="130565839467055158" remote="130565839460000000" />
<file name="home.php" server="C:/xampp/htdocs/" local="130580424770998595" remote="130580424770000000" />
<file name="login.php" server="C:/xampp/htdocs/" local="130582191282810124" remote="130582191280000000" />
<file name="aboutme.php" server="C:/xampp/htdocs/" local="130580492320579637" remote="130580492320000000" />
<file name="educational.php" server="C:/xampp/htdocs/" local="130580493617710282" remote="130580493610000000" />
<file name="personal.php" server="C:/xampp/htdocs/" local="130580492627609968" remote="130580492620000000" />
<file name="academic.php" server="C:/xampp/htdocs/" local="130580491123428358" remote="130580491120000000" />
<file name="home2.p5hp" server="C:/xampp/htdocs/" local="130565470546208595" remote="130565470540000000" />
<file name="profile.php" server="C:/xampp/htdocs/" local="130581389614753008" remote="130581389610000000" />
<file name="recruiter_login.php" server="C:/xampp/htdocs/" local="130581373424941582" remote="130581373420000000" />
<file name="recruiter_home.php" server="C:/xampp/htdocs/" local="130581372782020925" remote="130581372780000000" />
<file name="recruiter_profile.php" server="C:/xampp/htdocs/" local="130581373794910270" remote="130581373790000000" />
<file name="recruiter_create_job.php" server="C:/xampp/htdocs/" local="130581372722690426" remote="130581372720000000" />
<file name="recruiter_myjobs.php" server="C:/xampp/htdocs/" local="130581373717262739" remote="130581373710000000" />
<file name="recruiter_create_intern.php" server="C:/xampp/htdocs/" local="130581374962674821" remote="130581374960000000" />
<file name="recruiter_myinterns.php" server="C:/xampp/htdocs/" local="130581373504407277" remote="130581373500000000" />
<file name="recruiters.php" server="C:/xampp/htdocs/" local="130582276245174276" remote="130582276240000000" />
<file name="change_pwd.php" server="C:/xampp/htdocs/" local="130581437977865857" remote="130581437970000000" />
<file name="jobs.php" server="C:/xampp/htdocs/" local="130582273832920050" remote="130582273830000000" />
<file name="admin.php" server="C:/xampp/htdocs/" local="130582191282469901" remote="130582191280000000" />
<file name="admin_createjob.php" server="C:/xampp/htdocs/" local="130582191282529937" remote="130582191280000000" />
<file name="admin_home.php" server="C:/xampp/htdocs/" local="130582191282569968" remote="130582191280000000" />
<file name="recruiter_applicants.php" server="C:/xampp/htdocs/" local="130582331525412905" remote="130582331520000000" />
</dwsync>