<?xml version="1.0" encoding="utf-8" ?>
<dwsync>
<file name="index.html" server="C:/xampp/htdocs/ci/" local="129664021580000000" remote="129664021580000000" />
<file name="user.php" server="C:/xampp/htdocs/ci/" local="130565536963975255" remote="130565536960000000" />
<file name="user2.php" server="C:/xampp/htdocs/ci/" local="130435350266780038" remote="130435350260000000" />
<file name="index.html" server="C:/xampp/htdocs/" local="129664021580000000" remote="129664021580000000" />
<file name="user.php" server="C:/xampp/htdocs/" local="130582271204698668" remote="130582271200000000" />
<file name="user2.php" server="C:/xampp/htdocs/" local="130573277252735789" remote="130573277250000000" />
<file name="boodhau.php" server="C:/xampp/htdocs/" local="130570183877136103" remote="130570183870000000" />
<file name="Recruiter.php" server="C:/xampp/htdocs/" local="130574487742346383" remote="130574487740000000" />
<file name="admin_model.php" server="C:/xampp/htdocs/" local="130582191282609999" remote="130582191280000000" />
</dwsync>