<?xml version="1.0" encoding="utf-8" ?>
<dwsync>
<file name="glyphicons-halflings-regular.eot" server="C:/xampp/htdocs/ci/" local="130434378660000000" remote="130434378660000000" />
<file name="glyphicons-halflings-regular.svg" server="C:/xampp/htdocs/ci/" local="130434378660000000" remote="130434378660000000" />
<file name="glyphicons-halflings-regular.ttf" server="C:/xampp/htdocs/ci/" local="130434378660000000" remote="130434378660000000" />
<file name="glyphicons-halflings-regular.woff" server="C:/xampp/htdocs/ci/" local="130434378660000000" remote="130434378660000000" />
<file name="glyphicons-halflings-regular.eot" server="C:/xampp/htdocs/" local="130434378660000000" remote="130434378660000000" />
<file name="glyphicons-halflings-regular.svg" server="C:/xampp/htdocs/" local="130434378660000000" remote="130434378660000000" />
<file name="glyphicons-halflings-regular.ttf" server="C:/xampp/htdocs/" local="130434378660000000" remote="130434378660000000" />
<file name="glyphicons-halflings-regular.woff" server="C:/xampp/htdocs/" local="130434378660000000" remote="130434378660000000" />
</dwsync>