<?xml version="1.0" encoding="utf-8" ?>
<dwsync>
<file name="error_404.php" server="C:/xampp/htdocs/ci/" local="130458337840000000" remote="130458337840000000" />
<file name="error_db.php" server="C:/xampp/htdocs/ci/" local="130458337840000000" remote="130458337840000000" />
<file name="error_general.php" server="C:/xampp/htdocs/ci/" local="130458337840000000" remote="130458337840000000" />
<file name="error_php.php" server="C:/xampp/htdocs/ci/" local="130458337840000000" remote="130458337840000000" />
<file name="index.html" server="C:/xampp/htdocs/ci/" local="130458337840000000" remote="130458337840000000" />
<file name="error_404.php" server="C:/xampp/htdocs/" local="130458337840000000" remote="130458337840000000" />
<file name="error_db.php" server="C:/xampp/htdocs/" local="130458337840000000" remote="130458337840000000" />
<file name="error_general.php" server="C:/xampp/htdocs/" local="130458337840000000" remote="130458337840000000" />
<file name="error_php.php" server="C:/xampp/htdocs/" local="130458337840000000" remote="130458337840000000" />
<file name="index.html" server="C:/xampp/htdocs/" local="130458337840000000" remote="130458337840000000" />
</dwsync>