<?xml version="1.0" encoding="utf-8" ?>
<dwsync>
<file name="bootstrap-rtl.css" server="C:/xampp/htdocs/ci/" local="130434378660000000" remote="130434378660000000" />
<file name="bootstrap-rtl.min.css" server="C:/xampp/htdocs/ci/" local="130434378660000000" remote="130434378660000000" />
<file name="bootstrap-theme.css" server="C:/xampp/htdocs/ci/" local="130434378660000000" remote="130434378660000000" />
<file name="bootstrap-theme.css.map" server="C:/xampp/htdocs/ci/" local="130434378660000000" remote="130434378660000000" />
<file name="bootstrap-theme.min.css" server="C:/xampp/htdocs/ci/" local="130434378660000000" remote="130434378660000000" />
<file name="bootstrap.css" server="C:/xampp/htdocs/ci/" local="130434378660000000" remote="130434378660000000" />
<file name="bootstrap.css.map" server="C:/xampp/htdocs/ci/" local="130434378660000000" remote="130434378660000000" />
<file name="bootstrap.min.css" server="C:/xampp/htdocs/ci/" local="130434378660000000" remote="130434378660000000" />
<file name="dashboard.css" server="C:/xampp/htdocs/ci/" local="130434378660000000" remote="130434378660000000" />
<file name="bootstrap-rtl.css" server="C:/xampp/htdocs/" local="130434378660000000" remote="130434378660000000" />
<file name="bootstrap-rtl.min.css" server="C:/xampp/htdocs/" local="130434378660000000" remote="130434378660000000" />
<file name="bootstrap-theme.css" server="C:/xampp/htdocs/" local="130434378660000000" remote="130434378660000000" />
<file name="bootstrap-theme.css.map" server="C:/xampp/htdocs/" local="130434378660000000" remote="130434378660000000" />
<file name="bootstrap-theme.min.css" server="C:/xampp/htdocs/" local="130434378660000000" remote="130434378660000000" />
<file name="bootstrap.css" server="C:/xampp/htdocs/" local="130569864529010586" remote="130569864520000000" />
<file name="bootstrap.css.map" server="C:/xampp/htdocs/" local="130434378660000000" remote="130434378660000000" />
<file name="bootstrap.min.css" server="C:/xampp/htdocs/" local="130579609890706330" remote="130579609890000000" />
<file name="dashboard.css" server="C:/xampp/htdocs/" local="130434378660000000" remote="130434378660000000" />
<file name="signin.css" server="C:/xampp/htdocs/" local="130434378660000000" remote="130434378660000000" />
<file name="datepicker.css" server="C:/xampp/htdocs/" local="130578596591931303" remote="130578596590000000" />
<file name="timeline.css" server="C:/xampp/htdocs/" local="130577892120745183" remote="130577892120000000" />
</dwsync>