<?xml version="1.0" encoding="utf-8" ?>
<dwsync>
<file name="Benchmark.php" server="C:/xampp/htdocs/ci/" local="130464207880000000" remote="130464207880000000" />
<file name="CodeIgniter.php" server="C:/xampp/htdocs/ci/" local="130464987500000000" remote="130464987500000000" />
<file name="Common.php" server="C:/xampp/htdocs/ci/" local="130464207880000000" remote="130464207880000000" />
<file name="Config.php" server="C:/xampp/htdocs/ci/" local="130464207880000000" remote="130464207880000000" />
<file name="Controller.php" server="C:/xampp/htdocs/ci/" local="130464207880000000" remote="130464207880000000" />
<file name="Exceptions.php" server="C:/xampp/htdocs/ci/" local="130464207880000000" remote="130464207880000000" />
<file name="Hooks.php" server="C:/xampp/htdocs/ci/" local="130464207880000000" remote="130464207880000000" />
<file name="index.html" server="C:/xampp/htdocs/ci/" local="129664021580000000" remote="129664021580000000" />
<file name="Input.php" server="C:/xampp/htdocs/ci/" local="130464207880000000" remote="130464207880000000" />
<file name="Lang.php" server="C:/xampp/htdocs/ci/" local="130464207880000000" remote="130464207880000000" />
<file name="Loader.php" server="C:/xampp/htdocs/ci/" local="130464207880000000" remote="130464207880000000" />
<file name="Model.php" server="C:/xampp/htdocs/ci/" local="130464207880000000" remote="130464207880000000" />
<file name="Output.php" server="C:/xampp/htdocs/ci/" local="130464207880000000" remote="130464207880000000" />
<file name="Router.php" server="C:/xampp/htdocs/ci/" local="130464207880000000" remote="130464207880000000" />
<file name="Security.php" server="C:/xampp/htdocs/ci/" local="130464207880000000" remote="130464207880000000" />
<file name="URI.php" server="C:/xampp/htdocs/ci/" local="130464207880000000" remote="130464207880000000" />
<file name="Utf8.php" server="C:/xampp/htdocs/ci/" local="130464207880000000" remote="130464207880000000" />
<file name="Benchmark.php" server="C:/xampp/htdocs/" local="130464207880000000" remote="130464207880000000" />
<file name="CodeIgniter.php" server="C:/xampp/htdocs/" local="130464987500000000" remote="130464987500000000" />
<file name="Common.php" server="C:/xampp/htdocs/" local="130464207880000000" remote="130464207880000000" />
<file name="Config.php" server="C:/xampp/htdocs/" local="130464207880000000" remote="130464207880000000" />
<file name="Controller.php" server="C:/xampp/htdocs/" local="130464207880000000" remote="130464207880000000" />
<file name="Exceptions.php" server="C:/xampp/htdocs/" local="130464207880000000" remote="130464207880000000" />
<file name="Hooks.php" server="C:/xampp/htdocs/" local="130464207880000000" remote="130464207880000000" />
<file name="index.html" server="C:/xampp/htdocs/" local="129664021580000000" remote="129664021580000000" />
<file name="Input.php" server="C:/xampp/htdocs/" local="130464207880000000" remote="130464207880000000" />
<file name="Lang.php" server="C:/xampp/htdocs/" local="130464207880000000" remote="130464207880000000" />
<file name="Loader.php" server="C:/xampp/htdocs/" local="130464207880000000" remote="130464207880000000" />
<file name="Model.php" server="C:/xampp/htdocs/" local="130464207880000000" remote="130464207880000000" />
<file name="Output.php" server="C:/xampp/htdocs/" local="130464207880000000" remote="130464207880000000" />
<file name="Router.php" server="C:/xampp/htdocs/" local="130464207880000000" remote="130464207880000000" />
<file name="Security.php" server="C:/xampp/htdocs/" local="130464207880000000" remote="130464207880000000" />
<file name="URI.php" server="C:/xampp/htdocs/" local="130464207880000000" remote="130464207880000000" />
<file name="Utf8.php" server="C:/xampp/htdocs/" local="130464207880000000" remote="130464207880000000" />
</dwsync>