<?xml version="1.0" encoding="utf-8" ?>
<dwsync>
<file name="index.html" server="C:/xampp/htdocs/ci/" local="129664021580000000" remote="129664021580000000" />
<file name="sqlsrv_driver.php" server="C:/xampp/htdocs/ci/" local="130464207880000000" remote="130464207880000000" />
<file name="sqlsrv_forge.php" server="C:/xampp/htdocs/ci/" local="130464207880000000" remote="130464207880000000" />
<file name="sqlsrv_result.php" server="C:/xampp/htdocs/ci/" local="130464207880000000" remote="130464207880000000" />
<file name="sqlsrv_utility.php" server="C:/xampp/htdocs/ci/" local="130464207880000000" remote="130464207880000000" />
<file name="index.html" server="C:/xampp/htdocs/" local="129664021580000000" remote="129664021580000000" />
<file name="sqlsrv_driver.php" server="C:/xampp/htdocs/" local="130464207880000000" remote="130464207880000000" />
<file name="sqlsrv_forge.php" server="C:/xampp/htdocs/" local="130464207880000000" remote="130464207880000000" />
<file name="sqlsrv_result.php" server="C:/xampp/htdocs/" local="130464207880000000" remote="130464207880000000" />
<file name="sqlsrv_utility.php" server="C:/xampp/htdocs/" local="130464207880000000" remote="130464207880000000" />
</dwsync>