<?xml version="1.0" encoding="utf-8" ?>
<dwsync>
<file name="Cache_apc.php" server="C:/xampp/htdocs/ci/" local="130464207880000000" remote="130464207880000000" />
<file name="Cache_dummy.php" server="C:/xampp/htdocs/ci/" local="130464207880000000" remote="130464207880000000" />
<file name="Cache_file.php" server="C:/xampp/htdocs/ci/" local="130464207880000000" remote="130464207880000000" />
<file name="Cache_memcached.php" server="C:/xampp/htdocs/ci/" local="130464207880000000" remote="130464207880000000" />
<file name="index.html" server="C:/xampp/htdocs/ci/" local="130186901780000000" remote="130186901780000000" />
<file name="Cache_apc.php" server="C:/xampp/htdocs/" local="130464207880000000" remote="130464207880000000" />
<file name="Cache_dummy.php" server="C:/xampp/htdocs/" local="130464207880000000" remote="130464207880000000" />
<file name="Cache_file.php" server="C:/xampp/htdocs/" local="130464207880000000" remote="130464207880000000" />
<file name="Cache_memcached.php" server="C:/xampp/htdocs/" local="130464207880000000" remote="130464207880000000" />
<file name="index.html" server="C:/xampp/htdocs/" local="130186901780000000" remote="130186901780000000" />
</dwsync>