<?xml version="1.0" encoding="utf-8" ?>
<dwsync>
<file name="DB.php" server="C:/xampp/htdocs/ci/" local="130464207880000000" remote="130464207880000000" />
<file name="DB_active_rec.php" server="C:/xampp/htdocs/ci/" local="130464207880000000" remote="130464207880000000" />
<file name="DB_cache.php" server="C:/xampp/htdocs/ci/" local="130464207880000000" remote="130464207880000000" />
<file name="DB_driver.php" server="C:/xampp/htdocs/ci/" local="130464207880000000" remote="130464207880000000" />
<file name="DB_forge.php" server="C:/xampp/htdocs/ci/" local="130464207880000000" remote="130464207880000000" />
<file name="DB_result.php" server="C:/xampp/htdocs/ci/" local="130464207880000000" remote="130464207880000000" />
<file name="DB_utility.php" server="C:/xampp/htdocs/ci/" local="130464207880000000" remote="130464207880000000" />
<file name="index.html" server="C:/xampp/htdocs/ci/" local="129664021580000000" remote="129664021580000000" />
<file name="DB.php" server="C:/xampp/htdocs/" local="130464207880000000" remote="130464207880000000" />
<file name="DB_active_rec.php" server="C:/xampp/htdocs/" local="130464207880000000" remote="130464207880000000" />
<file name="DB_cache.php" server="C:/xampp/htdocs/" local="130464207880000000" remote="130464207880000000" />
<file name="DB_driver.php" server="C:/xampp/htdocs/" local="130464207880000000" remote="130464207880000000" />
<file name="DB_forge.php" server="C:/xampp/htdocs/" local="130464207880000000" remote="130464207880000000" />
<file name="DB_result.php" server="C:/xampp/htdocs/" local="130464207880000000" remote="130464207880000000" />
<file name="DB_utility.php" server="C:/xampp/htdocs/" local="130464207880000000" remote="130464207880000000" />
<file name="index.html" server="C:/xampp/htdocs/" local="129664021580000000" remote="129664021580000000" />
</dwsync>