<?xml version="1.0" encoding="utf-8" ?>
<dwsync>
<file name="array_helper.php" server="C:/xampp/htdocs/ci/" local="130464207880000000" remote="130464207880000000" />
<file name="captcha_helper.php" server="C:/xampp/htdocs/ci/" local="130464207880000000" remote="130464207880000000" />
<file name="cookie_helper.php" server="C:/xampp/htdocs/ci/" local="130464207880000000" remote="130464207880000000" />
<file name="date_helper.php" server="C:/xampp/htdocs/ci/" local="130464207880000000" remote="130464207880000000" />
<file name="directory_helper.php" server="C:/xampp/htdocs/ci/" local="130464207880000000" remote="130464207880000000" />
<file name="download_helper.php" server="C:/xampp/htdocs/ci/" local="130464207880000000" remote="130464207880000000" />
<file name="email_helper.php" server="C:/xampp/htdocs/ci/" local="130464207880000000" remote="130464207880000000" />
<file name="file_helper.php" server="C:/xampp/htdocs/ci/" local="130464207880000000" remote="130464207880000000" />
<file name="form_helper.php" server="C:/xampp/htdocs/ci/" local="130464207880000000" remote="130464207880000000" />
<file name="html_helper.php" server="C:/xampp/htdocs/ci/" local="130464207880000000" remote="130464207880000000" />
<file name="index.html" server="C:/xampp/htdocs/ci/" local="129664021580000000" remote="129664021580000000" />
<file name="inflector_helper.php" server="C:/xampp/htdocs/ci/" local="130464207880000000" remote="130464207880000000" />
<file name="language_helper.php" server="C:/xampp/htdocs/ci/" local="130464207880000000" remote="130464207880000000" />
<file name="number_helper.php" server="C:/xampp/htdocs/ci/" local="130464207880000000" remote="130464207880000000" />
<file name="path_helper.php" server="C:/xampp/htdocs/ci/" local="130464207880000000" remote="130464207880000000" />
<file name="security_helper.php" server="C:/xampp/htdocs/ci/" local="130464207880000000" remote="130464207880000000" />
<file name="smiley_helper.php" server="C:/xampp/htdocs/ci/" local="130464207880000000" remote="130464207880000000" />
<file name="string_helper.php" server="C:/xampp/htdocs/ci/" local="130464207880000000" remote="130464207880000000" />
<file name="text_helper.php" server="C:/xampp/htdocs/ci/" local="130464207880000000" remote="130464207880000000" />
<file name="typography_helper.php" server="C:/xampp/htdocs/ci/" local="130464207880000000" remote="130464207880000000" />
<file name="url_helper.php" server="C:/xampp/htdocs/ci/" local="130464207880000000" remote="130464207880000000" />
<file name="xml_helper.php" server="C:/xampp/htdocs/ci/" local="130464207880000000" remote="130464207880000000" />
<file name="array_helper.php" server="C:/xampp/htdocs/" local="130464207880000000" remote="130464207880000000" />
<file name="captcha_helper.php" server="C:/xampp/htdocs/" local="130464207880000000" remote="130464207880000000" />
<file name="cookie_helper.php" server="C:/xampp/htdocs/" local="130464207880000000" remote="130464207880000000" />
<file name="date_helper.php" server="C:/xampp/htdocs/" local="130464207880000000" remote="130464207880000000" />
<file name="directory_helper.php" server="C:/xampp/htdocs/" local="130464207880000000" remote="130464207880000000" />
<file name="download_helper.php" server="C:/xampp/htdocs/" local="130464207880000000" remote="130464207880000000" />
<file name="email_helper.php" server="C:/xampp/htdocs/" local="130464207880000000" remote="130464207880000000" />
<file name="file_helper.php" server="C:/xampp/htdocs/" local="130464207880000000" remote="130464207880000000" />
<file name="form_helper.php" server="C:/xampp/htdocs/" local="130464207880000000" remote="130464207880000000" />
<file name="html_helper.php" server="C:/xampp/htdocs/" local="130464207880000000" remote="130464207880000000" />
<file name="index.html" server="C:/xampp/htdocs/" local="129664021580000000" remote="129664021580000000" />
<file name="inflector_helper.php" server="C:/xampp/htdocs/" local="130464207880000000" remote="130464207880000000" />
<file name="language_helper.php" server="C:/xampp/htdocs/" local="130464207880000000" remote="130464207880000000" />
<file name="number_helper.php" server="C:/xampp/htdocs/" local="130464207880000000" remote="130464207880000000" />
<file name="path_helper.php" server="C:/xampp/htdocs/" local="130464207880000000" remote="130464207880000000" />
<file name="security_helper.php" server="C:/xampp/htdocs/" local="130464207880000000" remote="130464207880000000" />
<file name="smiley_helper.php" server="C:/xampp/htdocs/" local="130464207880000000" remote="130464207880000000" />
<file name="string_helper.php" server="C:/xampp/htdocs/" local="130464207880000000" remote="130464207880000000" />
<file name="text_helper.php" server="C:/xampp/htdocs/" local="130464207880000000" remote="130464207880000000" />
<file name="typography_helper.php" server="C:/xampp/htdocs/" local="130464207880000000" remote="130464207880000000" />
<file name="url_helper.php" server="C:/xampp/htdocs/" local="130464207880000000" remote="130464207880000000" />
<file name="xml_helper.php" server="C:/xampp/htdocs/" local="130464207880000000" remote="130464207880000000" />
</dwsync>