<?xml version="1.0" encoding="utf-8" ?>
<dwsync>
<file name="index.php" server="C:/xampp/htdocs/ci/" local="130458337840000000" remote="130458337840000000" />
<file name="license.txt" server="C:/xampp/htdocs/ci/" local="130464207880000000" remote="130464207880000000" />
<file name=".gitattributes" server="C:/xampp/htdocs/ci/" local="130356847963626495" remote="130356847960000000" />
<file name="HELLO.txt" server="C:/xampp/htdocs/ci/" local="130563953603882772" remote="130563953600000000" />
<file name=".gitattributes" server="C:/xampp/htdocs/" local="130356847963626495" remote="130356847960000000" />
<file name="HELLO.txt" server="C:/xampp/htdocs/" local="130563953603882772" remote="130563953600000000" />
<file name="index.php" server="C:/xampp/htdocs/" local="130458337840000000" remote="130458337840000000" />
<file name="license.txt" server="C:/xampp/htdocs/" local="130464207880000000" remote="130464207880000000" />
<file name=".htaccess" server="C:/xampp/htdocs/" local="130565857086036972" remote="130565857080000000" />
<file name="testdb.sql" server="C:/xampp/htdocs/" local="130577724715688384" remote="130577724710000000" />
<file name="testdb struckture.sql" server="C:/xampp/htdocs/" local="130582254018913270" remote="130582254010000000" />
<file name="README.md" server="C:/xampp/htdocs/" local="130578448621317431" remote="130578448620000000" />
</dwsync>