<?xml version="1.0" encoding="utf-8" ?>
<dwsync>
<file name="autoload.php" server="C:/xampp/htdocs/ci/" local="130565526117997530" remote="130565526110000000" />
<file name="config.php" server="C:/xampp/htdocs/ci/" local="130565535398479423" remote="130565535390000000" />
<file name="constants.php" server="C:/xampp/htdocs/ci/" local="130458337840000000" remote="130458337840000000" />
<file name="database.php" server="C:/xampp/htdocs/ci/" local="130565535752688443" remote="130565535750000000" />
<file name="doctypes.php" server="C:/xampp/htdocs/ci/" local="130458337840000000" remote="130458337840000000" />
<file name="foreign_chars.php" server="C:/xampp/htdocs/ci/" local="130458337840000000" remote="130458337840000000" />
<file name="hooks.php" server="C:/xampp/htdocs/ci/" local="130458337840000000" remote="130458337840000000" />
<file name="index.html" server="C:/xampp/htdocs/ci/" local="129664021580000000" remote="129664021580000000" />
<file name="migration.php" server="C:/xampp/htdocs/ci/" local="130458337840000000" remote="130458337840000000" />
<file name="mimes.php" server="C:/xampp/htdocs/ci/" local="130458337840000000" remote="130458337840000000" />
<file name="profiler.php" server="C:/xampp/htdocs/ci/" local="130458337840000000" remote="130458337840000000" />
<file name="routes.php" server="C:/xampp/htdocs/ci/" local="130565468112792183" remote="130565468110000000" />
<file name="smileys.php" server="C:/xampp/htdocs/ci/" local="130458337840000000" remote="130458337840000000" />
<file name="user_agents.php" server="C:/xampp/htdocs/ci/" local="130458337840000000" remote="130458337840000000" />
<file name="autoload.php" server="C:/xampp/htdocs/" local="130565526117997530" remote="130565526110000000" />
<file name="config.php" server="C:/xampp/htdocs/" local="130577886852707528" remote="130577886850000000" />
<file name="constants.php" server="C:/xampp/htdocs/" local="130458337840000000" remote="130458337840000000" />
<file name="database.php" server="C:/xampp/htdocs/" local="130565535752688443" remote="130565535750000000" />
<file name="doctypes.php" server="C:/xampp/htdocs/" local="130458337840000000" remote="130458337840000000" />
<file name="foreign_chars.php" server="C:/xampp/htdocs/" local="130458337840000000" remote="130458337840000000" />
<file name="hooks.php" server="C:/xampp/htdocs/" local="130458337840000000" remote="130458337840000000" />
<file name="index.html" server="C:/xampp/htdocs/" local="129664021580000000" remote="129664021580000000" />
<file name="migration.php" server="C:/xampp/htdocs/" local="130458337840000000" remote="130458337840000000" />
<file name="mimes.php" server="C:/xampp/htdocs/" local="130458337840000000" remote="130458337840000000" />
<file name="profiler.php" server="C:/xampp/htdocs/" local="130458337840000000" remote="130458337840000000" />
<file name="routes.php" server="C:/xampp/htdocs/" local="130565468112792183" remote="130565468110000000" />
<file name="smileys.php" server="C:/xampp/htdocs/" local="130458337840000000" remote="130458337840000000" />
<file name="user_agents.php" server="C:/xampp/htdocs/" local="130458337840000000" remote="130458337840000000" />
</dwsync>